IE_XML_ID;IE_NAME;IE_ID;IE_ACTIVE;IE_ACTIVE_FROM;IE_ACTIVE_TO;IE_PREVIEW_PICTURE;IE_PREVIEW_TEXT;IE_PREVIEW_TEXT_TYPE;IE_DETAIL_PICTURE;IE_DETAIL_TEXT;IE_DETAIL_TEXT_TYPE;IE_CODE;IE_SORT;IE_TAGS;IP_PROP3;IP_PROP7;IP_PROP5;IP_PROP2;IP_PROP1;IP_PROP4;IP_PROP6;IC_GROUP0;IC_GROUP1;IC_GROUP2
1;test ANTMINER S21 200 TH/S;1;Y;;;/upload/iblock/af9/yzht0qdwrn9155wvjnj5o31jztkcme4d.webp;;text;/upload/iblock/af9/yzht0qdwrn9155wvjnj5o31jztkcme4d.webp;"<div class=""about__info-block about__overview-block is-active"">
	<h3 class=""about__block-title"">Обзор</h3>
	<div class=""about__block-wrapper"">
		<div class=""about__chapter"">
			<p class=""about__chapter-title"">
				 О товаре
			</p>
			<p class=""about__chapter-text"">
				 Новая линейка асиков ANTMINER S21 200 TH/S от компании BITMAIN — это мегамощные майнеры, разительно отличающиеся от аналогов по производительности и энергоэффективности. По сравнению с предшественниками, топовыми моделями ANTMINER S21 200 TH/S, хешрейт у новинки выше практически в 2 раза, а энергоэффективность повысилась почти на треть. В связи с недавним халвингом биткоина, когда произошло сильное уменьшение награды за добычу криптовалюты и заметно снизилась доходность от майнинга, выпуск ANTMINER S21 200 TH/S пришелся как нельзя кстати. Благодаря высокой продуктивности и низкому потреблению электроэнергии он способен обеспечить стабильный высокий доход несмотря даже на уполовинивание награды и повышение сложности добычи криптомонет.
			</p>
		</div>
		<div class=""about__chapter"">
			<p class=""about__chapter-title"">
				 Особенности оборудования
			</p>
			<p class=""about__chapter-text"">
				 Новинка от BITMAIN сильно отличается как от предшествующих асиков этой компании, так и от аналогичных устройств от других производителей. И главное ее отличие — это невероятно высокая продуктивность в сочетании с низким энергопотреблением. Добиться этого удалось за счет использования в конструкции чипов нового поколения с модернизированной архитектурой.
			</p>
			<p class=""about__chapter-text"">
				 На данный момент по показателям хешрейта и энергоэффективности данная модель занимает лидирующее место на рынке майнинг-устройств. Помимо этого у асика ANTMINER S21 200 TH/S новая версия прошивки, благодаря чему у него более высокая скорость запуска и он стабильнее работает, имеется механизм интеллектуального управления.
			</p>
		</div>
		<div class=""about__chapter"">
			<p class=""about__chapter-title"">
				 О производителе
			</p>
			<p class=""about__chapter-text"">
				 Производитель данного оборудования мировой лидер в области майнинга - компания BITMAIN. Компания славится передовыми технологиями в области вычислительной техники и надежностью своего оборудования.
			</p>
		</div>
	</div>
</div>
<div class=""about__info-block about__character-block"">
	<h3 class=""about__block-title"">Характеристики</h3>
	<div class=""about__block-wrapper"">
		<div class=""about__chapter"">
			<p class=""about__chapter-title"">
				 Характеристика
			</p>
			<p class=""about__chapter-text"">
				 Текст
			</p>
		</div>
	</div>
</div>
 <br>";html;;500;;SHA-256;12 месяцев;/upload/iblock/af9/yzht0qdwrn9155wvjnj5o31jztkcme4d.webp;BTC;Производитель 1;;3 500 W ±5%;Раздел 1;;
1;test ANTMINER S21 200 TH/S;1;Y;;;/upload/iblock/af9/yzht0qdwrn9155wvjnj5o31jztkcme4d.webp;;text;/upload/iblock/af9/yzht0qdwrn9155wvjnj5o31jztkcme4d.webp;"<div class=""about__info-block about__overview-block is-active"">
	<h3 class=""about__block-title"">Обзор</h3>
	<div class=""about__block-wrapper"">
		<div class=""about__chapter"">
			<p class=""about__chapter-title"">
				 О товаре
			</p>
			<p class=""about__chapter-text"">
				 Новая линейка асиков ANTMINER S21 200 TH/S от компании BITMAIN — это мегамощные майнеры, разительно отличающиеся от аналогов по производительности и энергоэффективности. По сравнению с предшественниками, топовыми моделями ANTMINER S21 200 TH/S, хешрейт у новинки выше практически в 2 раза, а энергоэффективность повысилась почти на треть. В связи с недавним халвингом биткоина, когда произошло сильное уменьшение награды за добычу криптовалюты и заметно снизилась доходность от майнинга, выпуск ANTMINER S21 200 TH/S пришелся как нельзя кстати. Благодаря высокой продуктивности и низкому потреблению электроэнергии он способен обеспечить стабильный высокий доход несмотря даже на уполовинивание награды и повышение сложности добычи криптомонет.
			</p>
		</div>
		<div class=""about__chapter"">
			<p class=""about__chapter-title"">
				 Особенности оборудования
			</p>
			<p class=""about__chapter-text"">
				 Новинка от BITMAIN сильно отличается как от предшествующих асиков этой компании, так и от аналогичных устройств от других производителей. И главное ее отличие — это невероятно высокая продуктивность в сочетании с низким энергопотреблением. Добиться этого удалось за счет использования в конструкции чипов нового поколения с модернизированной архитектурой.
			</p>
			<p class=""about__chapter-text"">
				 На данный момент по показателям хешрейта и энергоэффективности данная модель занимает лидирующее место на рынке майнинг-устройств. Помимо этого у асика ANTMINER S21 200 TH/S новая версия прошивки, благодаря чему у него более высокая скорость запуска и он стабильнее работает, имеется механизм интеллектуального управления.
			</p>
		</div>
		<div class=""about__chapter"">
			<p class=""about__chapter-title"">
				 О производителе
			</p>
			<p class=""about__chapter-text"">
				 Производитель данного оборудования мировой лидер в области майнинга - компания BITMAIN. Компания славится передовыми технологиями в области вычислительной техники и надежностью своего оборудования.
			</p>
		</div>
	</div>
</div>
<div class=""about__info-block about__character-block"">
	<h3 class=""about__block-title"">Характеристики</h3>
	<div class=""about__block-wrapper"">
		<div class=""about__chapter"">
			<p class=""about__chapter-title"">
				 Характеристика
			</p>
			<p class=""about__chapter-text"">
				 Текст
			</p>
		</div>
	</div>
</div>
 <br>";html;;500;;SHA-256;12 месяцев;/upload/iblock/af9/yzht0qdwrn9155wvjnj5o31jztkcme4d.webp;BTC;Производитель 1;;3 500 W ±5%;Раздел 1;;
1;test ANTMINER S21 200 TH/S;1;Y;;;/upload/iblock/af9/yzht0qdwrn9155wvjnj5o31jztkcme4d.webp;;text;/upload/iblock/af9/yzht0qdwrn9155wvjnj5o31jztkcme4d.webp;"<div class=""about__info-block about__overview-block is-active"">
	<h3 class=""about__block-title"">Обзор</h3>
	<div class=""about__block-wrapper"">
		<div class=""about__chapter"">
			<p class=""about__chapter-title"">
				 О товаре
			</p>
			<p class=""about__chapter-text"">
				 Новая линейка асиков ANTMINER S21 200 TH/S от компании BITMAIN — это мегамощные майнеры, разительно отличающиеся от аналогов по производительности и энергоэффективности. По сравнению с предшественниками, топовыми моделями ANTMINER S21 200 TH/S, хешрейт у новинки выше практически в 2 раза, а энергоэффективность повысилась почти на треть. В связи с недавним халвингом биткоина, когда произошло сильное уменьшение награды за добычу криптовалюты и заметно снизилась доходность от майнинга, выпуск ANTMINER S21 200 TH/S пришелся как нельзя кстати. Благодаря высокой продуктивности и низкому потреблению электроэнергии он способен обеспечить стабильный высокий доход несмотря даже на уполовинивание награды и повышение сложности добычи криптомонет.
			</p>
		</div>
		<div class=""about__chapter"">
			<p class=""about__chapter-title"">
				 Особенности оборудования
			</p>
			<p class=""about__chapter-text"">
				 Новинка от BITMAIN сильно отличается как от предшествующих асиков этой компании, так и от аналогичных устройств от других производителей. И главное ее отличие — это невероятно высокая продуктивность в сочетании с низким энергопотреблением. Добиться этого удалось за счет использования в конструкции чипов нового поколения с модернизированной архитектурой.
			</p>
			<p class=""about__chapter-text"">
				 На данный момент по показателям хешрейта и энергоэффективности данная модель занимает лидирующее место на рынке майнинг-устройств. Помимо этого у асика ANTMINER S21 200 TH/S новая версия прошивки, благодаря чему у него более высокая скорость запуска и он стабильнее работает, имеется механизм интеллектуального управления.
			</p>
		</div>
		<div class=""about__chapter"">
			<p class=""about__chapter-title"">
				 О производителе
			</p>
			<p class=""about__chapter-text"">
				 Производитель данного оборудования мировой лидер в области майнинга - компания BITMAIN. Компания славится передовыми технологиями в области вычислительной техники и надежностью своего оборудования.
			</p>
		</div>
	</div>
</div>
<div class=""about__info-block about__character-block"">
	<h3 class=""about__block-title"">Характеристики</h3>
	<div class=""about__block-wrapper"">
		<div class=""about__chapter"">
			<p class=""about__chapter-title"">
				 Характеристика
			</p>
			<p class=""about__chapter-text"">
				 Текст
			</p>
		</div>
	</div>
</div>
 <br>";html;;500;;SHA-256;12 месяцев;/upload/iblock/af9/yzht0qdwrn9155wvjnj5o31jztkcme4d.webp;BTC;Производитель 1;;3 500 W ±5%;Раздел 1;;
2;ANTMINER S22 300 TH/S;2;Y;;;/upload/iblock/af9/yzht0qdwrn9155wvjnj5o31jztkcme4d.webp;Описание 2;text;;"<div class=""about__info-block about__overview-block is-active"">
            <h3 class=""about__block-title"">Обзор</h3>
            <div class=""about__block-wrapper"">
                <div class=""about__chapter"">
                    <p class=""about__chapter-title"">О товаре</p>
                    <p class=""about__chapter-text"">Новая линейка асиков ANTMINER S21 200 TH/S от компании BITMAIN —
                        это
                        мегамощные майнеры, разительно отличающиеся от
                        аналогов по производительности и энергоэффективности. По сравнению с предшественниками,
                        топовыми
                        моделями ANTMINER S21
                        200 TH/S, хешрейт у новинки выше практически в 2 раза, а энергоэффективность повысилась
                        почти на
                        треть. В связи с
                        недавним халвингом биткоина, когда произошло сильное уменьшение награды за добычу
                        криптовалюты и
                        заметно снизилась
                        доходность от майнинга, выпуск ANTMINER S21 200 TH/S пришелся как нельзя кстати. Благодаря
                        высокой
                        продуктивности и
                        низкому потреблению электроэнергии он способен обеспечить стабильный высокий доход несмотря
                        даже
                        на
                        уполовинивание
                        награды и повышение сложности добычи криптомонет.</p>
                </div>
                <div class=""about__chapter"">
                    <p class=""about__chapter-title"">Особенности оборудования</p>
                    <p class=""about__chapter-text"">Новинка от BITMAIN сильно отличается как от предшествующих
                        асиков
                        этой
                        компании, так и от аналогичных устройств от
                        других производителей. И главное ее отличие — это невероятно высокая продуктивность в
                        сочетании
                        с
                        низким
                        энергопотреблением. Добиться этого удалось за счет использования в конструкции чипов нового
                        поколения с
                        модернизированной архитектурой.</p>
                    <p class=""about__chapter-text"">На данный момент по показателям хешрейта и энергоэффективности
                        данная
                        модель занимает лидирующее место на рынке
                        майнинг-устройств. Помимо этого у асика ANTMINER S21 200 TH/S новая версия прошивки,
                        благодаря
                        чему
                        у него более высокая
                        скорость запуска и он стабильнее работает, имеется механизм интеллектуального управления.
                    </p>
                </div>
                <div class=""about__chapter"">
                    <p class=""about__chapter-title"">О производителе</p>
                    <p class=""about__chapter-text"">Производитель данного оборудования мировой лидер в области
                        майнинга
                        -
                        компания BITMAIN. Компания славится передовыми
                        технологиями в области вычислительной техники и надежностью своего оборудования.</p>
                </div>
            </div>
        </div>
        <div class=""about__info-block about__character-block"">
            <h3 class=""about__block-title"">Характеристики</h3>
            <div class=""about__block-wrapper"">
                <div class=""about__chapter"">
                    <p class=""about__chapter-title"">Характеристика</p>
                    <p class=""about__chapter-text"">Текст</p>
                </div>
            </div>
        </div>";html;;500;;SHA-256;12 месяцев;/upload/iblock/af9/yzht0qdwrn9155wvjnj5o31jztkcme4d.webp;BTC;Производитель 1;Да;3 500 W ±5%;;;
2;ANTMINER S22 300 TH/S;2;Y;;;/upload/iblock/af9/yzht0qdwrn9155wvjnj5o31jztkcme4d.webp;Описание 2;text;;"<div class=""about__info-block about__overview-block is-active"">
            <h3 class=""about__block-title"">Обзор</h3>
            <div class=""about__block-wrapper"">
                <div class=""about__chapter"">
                    <p class=""about__chapter-title"">О товаре</p>
                    <p class=""about__chapter-text"">Новая линейка асиков ANTMINER S21 200 TH/S от компании BITMAIN —
                        это
                        мегамощные майнеры, разительно отличающиеся от
                        аналогов по производительности и энергоэффективности. По сравнению с предшественниками,
                        топовыми
                        моделями ANTMINER S21
                        200 TH/S, хешрейт у новинки выше практически в 2 раза, а энергоэффективность повысилась
                        почти на
                        треть. В связи с
                        недавним халвингом биткоина, когда произошло сильное уменьшение награды за добычу
                        криптовалюты и
                        заметно снизилась
                        доходность от майнинга, выпуск ANTMINER S21 200 TH/S пришелся как нельзя кстати. Благодаря
                        высокой
                        продуктивности и
                        низкому потреблению электроэнергии он способен обеспечить стабильный высокий доход несмотря
                        даже
                        на
                        уполовинивание
                        награды и повышение сложности добычи криптомонет.</p>
                </div>
                <div class=""about__chapter"">
                    <p class=""about__chapter-title"">Особенности оборудования</p>
                    <p class=""about__chapter-text"">Новинка от BITMAIN сильно отличается как от предшествующих
                        асиков
                        этой
                        компании, так и от аналогичных устройств от
                        других производителей. И главное ее отличие — это невероятно высокая продуктивность в
                        сочетании
                        с
                        низким
                        энергопотреблением. Добиться этого удалось за счет использования в конструкции чипов нового
                        поколения с
                        модернизированной архитектурой.</p>
                    <p class=""about__chapter-text"">На данный момент по показателям хешрейта и энергоэффективности
                        данная
                        модель занимает лидирующее место на рынке
                        майнинг-устройств. Помимо этого у асика ANTMINER S21 200 TH/S новая версия прошивки,
                        благодаря
                        чему
                        у него более высокая
                        скорость запуска и он стабильнее работает, имеется механизм интеллектуального управления.
                    </p>
                </div>
                <div class=""about__chapter"">
                    <p class=""about__chapter-title"">О производителе</p>
                    <p class=""about__chapter-text"">Производитель данного оборудования мировой лидер в области
                        майнинга
                        -
                        компания BITMAIN. Компания славится передовыми
                        технологиями в области вычислительной техники и надежностью своего оборудования.</p>
                </div>
            </div>
        </div>
        <div class=""about__info-block about__character-block"">
            <h3 class=""about__block-title"">Характеристики</h3>
            <div class=""about__block-wrapper"">
                <div class=""about__chapter"">
                    <p class=""about__chapter-title"">Характеристика</p>
                    <p class=""about__chapter-text"">Текст</p>
                </div>
            </div>
        </div>";html;;500;;SHA-256;12 месяцев;/upload/iblock/af9/yzht0qdwrn9155wvjnj5o31jztkcme4d.webp;BTC;Производитель 1;Да;3 500 W ±5%;;;
1304;ANTMINER E9 2400 Mh/s;3;N;;;;"<p style=""margin: 0; font-weight: bold; padding: 0;"">";html;;;text;antminer_e9_2400_mh_s;500;;Ethash;;;ETC;BITMAIN;;1 900 W;;;
1305;ANTMINER KA3 166Th;4;N;;;;"<p style=""margin: 0; font-weight: bold; padding: 0;"">";html;;;text;antminer-ka3-166th;500;;KDA Blake2S;;;KDA;BITMAIN;;3 150 W ±5%;;;
1307;ANTMINER L7 8800 Mh/s;5;N;;;;"<p style=""margin: 0; font-weight: bold; padding: 0;"">";html;;;text;antminer_l7_8800_mh_s;500;;Scrypt;;;LTC+DOGE;BITMAIN;;3 500 W  ±5%;;;
1308;ANTMINER L7 9050 Mh/s;6;N;;;;;html;;;text;bitmain-antminer-l7-9050-mh-s;7;;Scrypt;;;LTC+DOGE;BITMAIN;;3 500 W  ±5%;;;
1309;ANTMINER L7 9160 Mh/s;7;N;;;;"<p style=""margin: 0; font-weight: bold; padding: 0;"">";html;;;text;bitmain-antminer-l7-9160-mh-s;500;;Scrypt;;;;BITMAIN;;;;;
1310;ANTMINER L7 9300 Mh/s;8;N;;;;"<p style=""margin: 0; font-weight: bold; padding: 0;"">";html;;;text;antminer_l7_9300_mh_s;500;;Scrypt;;;LTC+DOGE;BITMAIN;;3 500 W  ±5%;;;
1311;ANTMINER L7 9500 Mh/s;9;N;;;;"<p style=""margin: 0; font-weight: bold; padding: 0;"">";html;;;text;bitmain-antminer-l7-9500-mh-s;500;;Scrypt;;;LTC+DOGE;BITMAIN;;3 500 W  ±5%;;;
1312;Antminer S11 20Th;10;N;;;;"<p style=""margin: 0; font-weight: bold; padding: 0;"">";html;;;text;antminer-s11-20th;500;;SHA-256;;;;ANTMINER;;;;;
1313;Antminer S17 50Th;11;N;;;;"<p style=""margin: 0; font-weight: bold; padding: 0;"">";html;;;text;antminer-s17-50th;500;;SHA-256;;;;ANTMINER;;;;;
1314;Antminer S17 59Th;12;N;;;;"<p style=""margin: 0; font-weight: bold; padding: 0;"">";html;;;text;antminer-s17-59th;500;;SHA-256;;;;ANTMINER;;;;;
1315;Antminer S17 Pro 50Th;13;N;;;;"<p style=""margin: 0; font-weight: bold; padding: 0;"">";html;;;text;antminer-s17-pro-50th;500;;SHA-256;;;;ANTMINER;;;;;
1316;Antminer S17 Pro 56Th;14;N;;;;"<p style=""margin: 0; font-weight: bold; padding: 0;"">";html;;;text;antminer-s17-pro-56th;500;;SHA-256;;;;ANTMINER;;;;;
1317;Antminer S17+ 70Th;15;N;;;;"<p style=""margin: 0; font-weight: bold; padding: 0;"">";html;;;text;antminer-s17-70th;500;;SHA-256;;;;ANTMINER;;;;;
1318;ANTMINER S17E 64Th;16;N;;;;"<p style=""margin: 0; font-weight: bold; padding: 0;"">";html;;;text;bitmain-s17e;500;;SHA-256;;;;ANTMINER;;;;;
1319;ANTMINER S19 86Th;17;N;;;;"<p style=""margin: 0; font-weight: bold; padding: 0;"">";html;;;text;bitmain-s19;500;;SHA-256;;;BTC;BITMAIN;;2 700 W;;;
1320;ANTMINER S19 95Th;18;N;;;;"<p style=""margin: 0; font-weight: bold; padding: 0;"">";html;;;text;antminer-s19-95th;500;;SHA-256;;;;ANTMINER;;;;;
1321;ANTMINER S19 PRO 100Th;19;N;;;;"<p style=""margin: 0; font-weight: bold; padding: 0;"">";html;;;text;antminer-s19-pro-100th;500;;SHA-256;;;;ANTMINER;;;;;
1322;ANTMINER S19 PRO 110Th;20;N;;;;;html;;;text;bitmain-s19-pro;500;;SHA-256;;;BTC;BITMAIN;;3 250 W;;;
1323;ANTMINER S19 PRO HYD 184Th/s;21;N;;;;"<p style=""margin: 0; font-weight: 500; padding: 0;"">";html;;;text;antminer_s19_pro_hyd_184th_s;500;;SHA-256;;;BTC;BITMAIN;;5 500 W ±5%;;;
1324;ANTMINER S19 XP 134Th;22;N;;;;"<p style=""margin: 0; font-weight: bold; padding: 0;"">";html;;;text;antminer-s19-xp-134th;500;;SHA-256;;;BTC;BITMAIN;;3 200 W ±5%;;;
1325;ANTMINER S19 XP 140Th;23;N;;;;;html;;;text;bitmain-antminer-s19-xp-140th;500;;SHA-256;;;BTC;ANTMINER;;3 200 W;;;
1326;ANTMINER S19 XP 141Th;24;N;;;;"<p style=""margin: 0; font-weight: bold; padding: 0;"">";html;;;text;antminer-bitmain-s19-xp-141th;500;;SHA-256;;;BTC;BITMAIN;;3 200 W ±5%;;;
1327;ANTMINER S19A 96Th;25;N;;;;"<p style=""margin: 0; font-weight: bold; padding: 0;"">";html;;;text;antminer-s19a-96th;500;;SHA-256;;;;ANTMINER;;;;;
1328;ANTMINER S19J 86Th;26;N;;;;"<p style=""margin: 0; font-weight: bold; padding: 0;"">";html;;;text;antminer-s19j-86th;500;;SHA-256;;;;ANTMINER;;;;;
1329;ANTMINER S19J 90Th;27;N;;;;"<p style=""margin: 0; font-weight: bold; padding: 0;"">";html;;;text;antminer-s19j-90th;500;;SHA-256;;;;ANTMINER;;;;;
1330;ANTMINER S19J 92Th;28;N;;;;"<p style=""margin: 0; font-weight: bold; padding: 0;"">";html;;;text;antminer-s19j-92th;500;;SHA-256;;;;ANTMINER;;;;;
1331;ANTMINER S19J 95Th;29;N;;;;"<p style=""margin: 0; font-weight: bold; padding: 0;"">";html;;;text;antminer-s19j-95th;500;;SHA-256;;;;ANTMINER;;;;;
1332;ANTMINER S19J 96Th;30;N;;;;"<p style=""margin: 0; font-weight: bold; padding: 0;"">";html;;;text;antminer-s19j-96th;500;;SHA-256;;;;ANTMINER;;;;;
1333;ANTMINER S19J Pro 100Th;31;N;;;;"<p style=""margin: 0; font-weight: bold; padding: 0;"">";html;;;text;antminer-s19j-pro-100th;500;;SHA-256;;;BTC;BITMAIN;;3 100 W;;;
1334;ANTMINER S19J Pro 104Th;32;N;;;;;html;;;text;antminer-s19j-pro-104th;500;;SHA-256;;;BTC;BITMAIN;;3 100 W;;;
1335;ANTMINER S19J Pro 90 Th;33;N;;;;"<p style=""margin: 0; font-weight: bold; padding: 0;"">";html;;;text;antminer-s19j-90th-pro;500;;SHA-256;;;BTC/BCH/BSV;BITMAIN;;3 000 W;;;
1336;ANTMINER S19J Pro 92 Th/s;34;N;;;;"<p style=""margin: 0; font-weight: bold; padding: 0;"">";html;;;text;antminer_s19j_pro_92_th_s;500;;SHA-256;;;BTC;BITMAIN;;3 000 W;;;
1337;ANTMINER S19J Pro 96 Th;35;N;;;;"<p style=""margin: 0; font-weight: bold; padding: 0;"">";html;;;text;antminer_s19j_pro_96_th;500;;SHA-256;;;BTC;BITMAIN;;3 000 W;;;
1338;ANTMINER S19;36;N;;;;;html;;;text;antminer-s19-pro-110th;500;;SHA-256;;;;ANTMINER;;;;;
1339;Antminer S9j 14,5Th;37;N;;;;"<p style=""margin: 0; font-weight: bold; padding: 0;"">";html;;;text;antminer-s9j-145th;500;;SHA-256;;;;ANTMINER;;;;;
1340;Antminer S9j 14Th;38;N;;;;"<p style=""margin: 0; font-weight: bold; padding: 0;"">";html;;;text;antminer-s9j-14th;500;;SHA-256;;;;ANTMINER;;;;;
1341;Antminer T15 22Th;39;N;;;;"<p style=""margin: 0; font-weight: bold; padding: 0;"">";html;;;text;antminer-t15-22th;500;;SHA-256;;;;ANTMINER;;;;;
1342;Antminer T17 40Th;40;N;;;;;html;;;text;antminer-t17-40th;500;;Equihash;;;;ANTMINER;;;;;
1343;Antminer T17+ 55Th;41;N;;;;;html;;;text;antminer-t17-55th;500;;Equihash;;;;ANTMINER;;;;;
1345;Antminer T19 81Th;42;N;;;;"<p style=""margin: 0; font-weight: bold; padding: 0;"">";html;;;text;antminer-t19-81th;500;;SHA-256;;;;AVALON;;;;;
1346;Antminer T19 84Th;43;N;;;;;html;;;text;antminer-t19-84th;500;;SHA-256;;;;AVALON;;;;;
1347;Antminer T19 88Th;44;N;;;;"<p style=""margin: 0; font-weight: bold; padding: 0;"">";html;;;text;antminer-t19-88th;500;;SHA-256;;;;AVALON;;;;;
1348;ANTMINER Z15 420 kSol;45;N;;;;"<p style=""margin: 0; font-weight: bold; padding: 0;"">";html;;;text;bitmain-z15-420-ksol;500;;Equihash;;;ZEC;BITMAIN;;1 512 W;;;
1350;Asus TURBO-RTX3080Ti-12G 12GB GDDR6X 384bit;46;N;;;;<strong>Asus TURBO-RTX3080Ti-12G 12GB GDDR6X 384bit 2xHDMI 3xDP (369305)</strong>;html;;;text;asus-turbo-rtx3080ti-12g-12gb-gddr6x-384bit;500;;SHA-256;;;;AVALON;;;;;
1351;AVALON 1066 50Th;47;N;;;;"<p style=""margin: 0; font-weight: bold; padding: 0;"">";html;;;text;avalon-1066-50th;500;;SHA-256;;;;AVALON;;;;;
1352;AVALON 1066 Pro 55Th;48;N;;;;"<p style=""margin: 0; font-weight: bold; padding: 0;"">";html;;;text;avalon-1066-pro-55th;500;;SHA-256;;;;AVALON;;;;;
1353;AVALON 1126 Pro 68Th;49;N;;;;"<p style=""margin: 0; font-weight: bold; padding: 0;"">";html;;;text;avalon-1126-pro-68th-2;500;;SHA-256;;;;AVALON;;;;;
1354;AVALON 1166 Pro 72Th;50;N;;;;;html;;;text;avalon-1166-pro-72th;500;;SHA-256;;;;AVALON;;;;;
1355;AVALON 1166 Pro 75Th;51;N;;;;"<p style=""margin: 0; font-weight: bold; padding: 0;"">";html;;;text;avalon-1166-pro-75th;500;;SHA-256;;;;AVALON;;;;;
1356;AVALON 1166 Pro 78Th;52;N;;;;;html;;;text;avalon-1166-pro-78th;500;;SHA-256;;;;AVALON;;;;;
1357;AVALON 1246 60Th;53;N;;;;;html;;;text;avalon-1246-60th;500;;SHA-256;;;;ANTMINER;;;;;
1358;AVALON 1246 83Th;54;N;;;;;html;;;text;avalon-1246-83th;500;;Ethash;;;;EVGA;;;;;
1363;Bitmain S9 14Th;55;N;;;;"<p style=""margin: 0; font-weight: bold; padding: 0;"">";html;;;text;bitmain-s9-14th;500;;Kadena;;;;Goldshell;;;;;
1364;EVGA RTX2060 KO ULTRA GAMING 6GB GDDR6 192bit;56;N;;;;;html;;;text;evga-rtx2060-ko-ultra-gaming-6gb-gddr6-192bit-dvi-hdmi-dp-rtl-15-06g-p4-2068-kr;500;;Ethash;;;;INNO3D;;;;;
1365;Gigabyte RTX3070 8GB GDDR6 256bit;57;N;;;;<strong>RTX3070 [NE63070019P2-1041X] 8GB GDDR6 256bit 3xDP HDMI OEM {10} (241990)</strong>;html;;;text;gigabyte-rtx3070-8gb-gddr6-256bit;500;;Ethash;;;;INNOSILICON;;;;;
1366;Gigabyte RTX3080Ti GAMING OC 12GB GDDR6X 384bit;58;N;;;;<strong>RTX3080Ti GAMING OC 12GB GDDR6X 384bit 2xHDMI 3xDP RTL {10} (308803)</strong>;html;;;text;gigabyte-rtx3080ti-gaming-oc-12gb-gddr6x-384bit;500;;SHA-256;;;;INNOSILICON;;;;;
1367;Gigabyte RTX3080Ti VISION OC 12GB GDDR6X 384bit;59;N;;;;<strong>RTX3080Ti VISION OC 12GB GDDR6X 384bit 2xHDMI 3xDP RTL {10} (308810)</strong>;html;;;text;gigabyte-rtx3080ti-vision-oc-12gb-gddr6x-384bit;500;;SHA-256;;;;INNOSILICON;;;;;
1368;Gigabyte RTX3090 TURBO 24GB GDDR6X 384bit;60;N;;;;<strong>Gigabyte RTX3090 TURBO 24GB GDDR6X 384bit 2xHDMI 2xDP RTL {10} (307714)</strong>;html;;;text;gigabyte-rtx3090-turbo-24gb-gddr6x-384bit;500;;SHA-256;;;;INNOSILICON;;;;;
1369;GOLDSHELL KD MAX 40,2 Th;61;N;;;;;html;;;text;goldshell_kd_max_40_2_th;500;;SHA-256;;;;INNOSILICON;;;;;
1370;INNO3D CMP-90HX X3M 10GB GDDR6X 320bit;62;N;;;;<strong>INNO3D CMP-90HX X3M 10GB GDDR6X 320bit OEM MCMP90X3M OEM</strong>;html;;;text;inno3d-cmp-90hx-x3m-10gb-gddr6x-320bit-oem-mcmp90x3m-oem;500;;SHA-256;;;;INNOSILICON;;;;;
1371;INNOSILICON A11 1500Mh;63;N;;;;"<p style=""margin: 0; font-weight: bold; padding: 0;"">";html;;;text;innosilicon-a11;500;;SHA-256;;;;INNOSILICON;;;;;
1372;INNOSILICON T2T HF+ 31Th;64;N;;;;"<p style=""margin: 0; font-weight: bold; padding: 0;"">";html;;;text;innosilicon-t2t-hf-31th;500;;Ethash;;;;IPOLLO;;;;;
1373;INNOSILICON T2T HF+ 32Th;65;N;;;;"<p style=""margin: 0; font-weight: bold; padding: 0;"">";html;;;text;innosilicon-t2t-hf-32th;500;;Ethash;;;;IPOLLO;;;;;
1388;NVIDIA GTX 1080 Ti;66;N;;;;<strong>;html;;;text;nvidia-gtx-1080-ti;500;;Ethash;;;;NVIDIA;;;;;
1389;NVIDIA GTX 1660 SUPER;67;N;;;;<strong>;html;;;text;nvidia-gtx-1660-super;500;;Ethash;;;;PNY;;;;;
1390;NVIDIA RTX 2060 SUPER;68;N;;;;;html;;;text;nvidia-rtx-2060-super;500;;Ethash;;;;PNY;;;;;
1391;NVIDIA RTX 2070;69;N;;;;<strong>;html;;;text;nvidia-rtx-2070;500;;SHA-256;;;;WHATSMINER;;;;;
1392;NVIDIA RTX 2080;70;N;;;;<strong>;html;;;text;nvidia-rtx-2080;500;;SHA-256;;;;WHATSMINER;;;;;
1393;NVIDIA RTX 2080 Ti;71;N;;;;<strong>;html;;;text;nvidia-rtx-2080-ti;500;;SHA-256;;;;WHATSMINER;;;;;
1394;NVIDIA RTX 3060;72;N;;;;<strong>GeForce RTX 3060 12GB;html;;;text;nvidia-rtx-3060;500;;SHA-256;;;;WHATSMINER;;;;;
1395;NVIDIA RTX 3060 Ti;73;N;;;;<strong>;html;;GeForce RTX 3060 Ti;text;nvidia-rtx-3060-ti;500;;SHA-256;;;;WHATSMINER;;;;;
1396;NVIDIA RTX 3060 Ti LHR;74;N;;;;<strong>;html;;GeForce RTX 3060 Ti;text;nvidia-rtx-3060-ti-lhr;500;;SHA-256;;;;WHATSMINER;;;;;
1397;NVIDIA RTX 3070;75;N;;;;<strong>;html;;;text;nvidia-rtx-3070;500;;SHA-256;;;;WHATSMINER;;;;;
1398;NVIDIA RTX 3070 LHR;76;N;;;;<strong>;html;;;text;nvidia-rtx-3070-lhr;500;;SHA-256;;;;WHATSMINER;;;;;
1399;NVIDIA RTX 3070 Ti;77;N;;;;<strong>;html;;;text;nvidia-rtx-3070-ti;500;;SHA-256;;;;WHATSMINER;;;;;
1400;NVIDIA RTX 3080;78;N;;;;<strong>;html;;;text;nvidia-rtx-3080;500;;SHA-256;;;;WHATSMINER;;;;;
1401;NVIDIA RTX 3080 Ti;79;N;;;;<strong>;html;;;text;nvidia-rtx-3080-ti;500;;SHA-256;;;;WHATSMINER;;;;;
1402;NVIDIA RTX 3090;80;N;;;;<strong>;html;;;text;nvidia-rtx-3090;500;;SHA-256;;;;WHATSMINER;;;;;
1403;NVIDIA TESLA A100;81;N;;;;<strong>GPU NVIDIA A100;html;;;text;nvidia-tesla-a100;500;;SHA-256;;;;WHATSMINER;;;;;
1404;PNY GPU NVIDIA RTX A4000 16 GB GDDR6;82;N;;;;<strong>PNY VCNRTXA4000-SB [ PNY GPU NVIDIA RTX A4000 16 GB GDDR6 with ECC 256-bit,  CUDA  6144,  DP 1.4a x4 , Bulk, card only ] </strong>;html;;;text;pny-gpu-nvidia-rtx-a4000-16-gb-gddr6;500;;SHA-256;;;;WHATSMINER;;;;;
1405;PNY VCNRTXA2000-12GB-SB;83;N;;;;<strong>PNY VCNRTXA2000-12GB-SB [ PNY GPU NVIDIA RTX A2000 12 GB GDDR6 with ECC 192-bit , CUDA  3328, mDP 1.4a x4, ( 1x LP bracket )   Bulk, card only ]</strong>;html;;;text;pny-vcnrtxa2000-12gb-sb;500;;SHA-256;;;;WHATSMINER;;;;;
1406;WHATSMINER D1 48Th;84;N;;;;"<p style=""margin: 0; font-weight: bold; padding: 0;"">";html;;;text;whatsminer-d1-48th;500;;SHA-256;;;;WHATSMINER;;;;;
1407;WHATSMINER M20S 62Th;85;N;;;;;html;;;text;whatsminer-m20s-62th;500;;SHA-256;;;;WHATSMINER;;;;;
1408;WHATSMINER M20S 65Th;86;N;;;;;html;;;text;whatsminer-m20s-65th;500;;SHA-256;;;;WHATSMINER;;;;;
1409;WHATSMINER M20S 68Th;87;N;;;;;html;;;text;whatsminer-m20s-68th;500;;SHA-256;;;;WHATSMINER;;;;;
1410;WHATSMINER M21S 52Th;88;N;;;;"<p style=""margin: 0; font-weight: bold; padding: 0;"">";html;;;text;whatsminer-m21s-52th;500;;SHA-256;;;;WHATSMINER;;;;;
1411;WHATSMINER M21S 54Th;89;N;;;;"<p style=""margin: 0; font-weight: bold; padding: 0;"">";html;;;text;whatsminer-m21s-54th;500;;SHA-256;;;;WHATSMINER;;;;;
1413;WHATSMINER M21S 58Th;90;N;;;;"<p style=""margin: 0; font-weight: bold; padding: 0;"">";html;;;text;whatsminer-m21s-58th;500;;SHA-256;;;;WHATSMINER;;;;;
1414;WHATSMINER M21S 60Th;91;N;;;;"<p style=""margin: 0; font-weight: bold; padding: 0;"">";html;;;text;whatsminer-m21s-60th;500;;SHA-256;;;;WHATSMINER;;;;;
1415;WHATSMINER M30++ 106Th;92;N;;;;"<p style=""margin: 0; font-weight: bold; padding: 0;"">";html;;;text;whatsminer-m30-106th;500;;SHA-256;;;;WHATSMINER;;;;;
1416;WHATSMINER M30S 106Th;93;N;;;;;html;;;text;whatsminer-m30s-106th;500;;SHA-256;;;;WHATSMINER;;;;;
1417;WHATSMINER M30S 86Th;94;N;;;;"<p style=""margin: 0; font-weight: bold; padding: 0;"">";html;;;text;whatsminer-m30s-86th;500;;SHA-256;;;;WHATSMINER;;;;;
1418;WHATSMINER M30S 88Th;95;N;;;;"<p style=""margin: 0; font-weight: bold; padding: 0;"">";html;;;text;whatsminer-m30s-88th;500;;SHA-256;;;;WHATSMINER;;;;;
1419;WHATSMINER M30S 90Th;96;N;;;;"<p style=""margin: 0; font-weight: bold; padding: 0;"">";html;;;text;whatsminer-m30s-90th;500;;SHA-256;;;BTC;WHATSMINER;;3 550 W;;;
1420;WHATSMINER M30S 92Th;97;N;;;;"<p style=""margin: 0; font-weight: bold; padding: 0;"">";html;;;text;whatsminer-m30s-92th;500;;SHA-256;;;BTC;WHATSMINER;;3 550 W;;;
1421;WHATSMINER M30S+ 100Th/s;98;N;;;;"<p style=""margin: 0; font-weight: bold; padding: 0;"">";html;;;text;whatsminer-m30s-100th;500;;SHA-256;;;BTC;WHATSMINER;;3 550 W;;;
1423;WHATSMINER M30S+ 94Th;99;N;;;;"<p style=""margin: 0; font-weight: bold; padding: 0;"">";html;;;text;whatsminer-m30s-94th;500;;SHA-256;;;BTC;WHATSMINER;;3 550 W;;;
1424;WHATSMINER M30S+ 96Th;100;N;;;;"<p style=""margin: 0; font-weight: bold; padding: 0;"">";html;;;text;whatsminer-m30s-96th;500;;SHA-256;;;BTC;WHATSMINER;;3 550 W;;;
1425;WHATSMINER M30S+ 98Th;101;N;;;;"<p style=""margin: 0; font-weight: bold; padding: 0;"">";html;;;text;whatsminer-m30s-98th;500;;SHA-256;;;BTC;WHATSMINER;;3 550 W;;;
1426;WHATSMINER M30S++ 104Th;102;N;;;;"<p style=""margin: 0; font-weight: bold; padding: 0;"">";html;;;text;whatsminer-m30s-104th;500;;SHA-256;;;BTC;WHATSMINER;;3 450 W;;;
1427;WHATSMINER M30S++ 110 Th;103;N;;;;"<p style=""margin: 0; font-weight: bold; padding: 0;"">";html;;;text;whatsminer-m30s-110th;500;;SHA-256;;;BTC;WHATSMINER;;3 450 W;;;
1428;WHATSMINER M30S++ 112 Th;104;N;;;;"<p style=""margin: 0; font-weight: bold; padding: 0;"">";html;;;text;whatsminer-m30s-112th;500;;SHA-256;;;BTC;WHATSMINER;;3 450 W;;;
1429;WHATSMINER M31S 66Th;105;N;;;;"<p style=""margin: 0; font-weight: bold; padding: 0;"">";html;;;text;whatsminer-m31s-66th;500;;SHA-256;;;;WHATSMINER;;;;;
1430;WHATSMINER M31S 68Th;106;N;;;;"<p style=""margin: 0; font-weight: bold; padding: 0;"">";html;;;text;whatsminer-m31s-68th;500;;SHA-256;;;;WHATSMINER;;;;;
1431;WHATSMINER M31S 70Th;107;N;;;;"<p style=""margin: 0; font-weight: bold; padding: 0;"">";html;;;text;whatsminer-m31s-70th;500;;SHA-256;;;;WHATSMINER;;;;;
1432;WHATSMINER M31S 72Th;108;N;;;;"<p style=""margin: 0; font-weight: bold; padding: 0;"">";html;;;text;whatsminer-m31s-72th;500;;SHA-256;;;;WHATSMINER;;;;;
1444;WHATSMINER M50 114 TH/S;109;N;;;;"<p style=""margin: 0; font-weight: bold; padding: 0;"">";html;;;text;whatsminer_m50_114_th_s;500;;SHA-256;;;BTC;WHATSMINER;;3 450 W ±5%;;;
1445;WHATSMINER M50 118 Th;110;N;;;;;html;;;text;whatsminer-m50-118th;500;;SHA-256;;;BTC;WHATSMINER;;3 450 W ±5%;;;
1448;WHATSMINER M50S 130Th;111;N;;;;;html;;;text;whatsminer_m50s_130th;500;;SHA-256;;;BTC;WHATSMINER;;3 380 W ±5%;;;
1449;WHATSMINER M50S 128Th;112;N;;;;"<p style=""margin: 0; font-weight: bold; padding: 0;"">";html;;;text;whatsminer_m50s_128th;500;;SHA-256;;;BTC;WHATSMINER;;3 328 W ±5%;;;
1450;WHATSMINER M50S 126Th;113;N;;;;;html;;;text;whatsminer_m50s_126th;500;;SHA-256;;;BTC;WHATSMINER;;3 278 W ±5%;;;
1451;WHATSMINER M50S 122Th;114;N;;;;;html;;;text;whatsminer_m50s_122th;500;;SHA-256;;;BTC/BCH/BSV;WHATSMINER;Да;3 200 W;;;
1455;ANTMINER D9 1770 GH/S;115;N;;;;"<p style=""margin: 0; font-weight: bold; padding: 0;"">";html;;;text;antminer_d9_1770_gh_s;500;;X11;;;DASH;BITMAIN;;2 839 W ±5%;;;
1457;ANTMINER K7 63,5 TН/S;116;N;;;;"<p style=""margin: 0; font-weight: bold; padding: 0;"">";html;;;text;antminer_k7_63_5_tn_s;500;;Eaglesong;;;CKB;BITMAIN;;3 080 W ±5%;;;
1458;ANTMINER HS3;117;N;;;;"<p style=""margin: 0; font-weight: bold; padding: 0;"">";html;;;text;antminer_hs3;500;;Blake2B;;;HNS;BITMAIN;;2 079 W ±5%;;;
1459;ANTMINER E9 Pro 3780 MH/S;118;N;;;;"<p style=""margin: 0; font-weight: bold; padding: 0;"">";html;;;html;antminer_e9_pro_3780_mh_s;500;;Ethash;;;ETC;BITMAIN;;2 200 W ±5%;;;
1460;ANTMINER S19J Pro+ 120 TH/S;119;N;;;;;html;;;text;antminer_s19j_pro_120;500;;SHA-256;;;BTC/BCH/BSV;BITMAIN;;3 355 W;;;
1461;ANTMINER S19J Pro+ 117 TH/S;120;N;;;;"<p style=""margin: 0; font-weight: bold; padding: 0;"">";html;;;text;antminer_s19j_pro_117;500;;SHA-256;;;BTC;BITMAIN;;3 355 W ±5%;;;
1462;WHATSMINER M50S+ 142 Th;121;N;;;;;html;;;text;whatsminer_m50s_142th;500;;SHA-256;;;BTC;WHATSMINER;;3 400 W ±5%;;;
1463;WHATSMINER M50S+ 140 Th;122;N;;;;;html;;;text;whatsminer_m50s_140th;500;;SHA-256;;;BTC;WHATSMINER;;3 400 W ±5%;;;
1464;WHATSMINER M50S+ 138Th;123;N;;;;;html;;;text;whatsminer_m50s_138th;500;;SHA-256;;;BTC;WHATSMINER;;3 400 W ±5%;;;
1465;WHATSMINER M50S+ 136 TH/S;124;N;;;;;html;;;text;whatsminer_m50s_136th;500;;SHA-256;;;BTC;WHATSMINER;;3 400 W ±5%;;;
1466;WHATSMINER M50S+ 134 Th;125;N;;;;;html;;;text;whatsminer_m50s_134_th;500;;SHA-256;;;BTC;WHATSMINER;;3 400 W ±5%;;;
1467;WHATSMINER M50S+ 132 Th;126;N;;;;;html;;;text;whatsminer_m50s_132th;500;;SHA-256;;;BTC;WHATSMINER;;3 400 W ±5%;;;
1468;WHATSMINER M50S 124 Th;127;N;;;;;html;;;text;whatsminer_m50s_124th;500;;SHA-256;;;BTC;WHATSMINER;;3 224 W ±5%;;;
1469;WHATSMINER M50 116 Th;128;N;;;;;html;;;text;whatsminer_m50_116th;500;;SHA-256;;;BTC;WHATSMINER;;3 450 W ±5%;;;
1470;WHATSMINER M50 112 TH/S;129;N;;;;"<p style=""margin: 0; font-weight: bold; padding: 0;"">";html;;;text;whatsminer_m50_112mh;500;;SHA-256;;;BTC;WHATSMINER;;3 450 W;;;
1471;Antminer Z15e 200 ksol;130;N;;;;"<p style=""margin: 0; font-weight: bold; padding: 0;"">";html;;;text;antminer_z15e_200_ksol;500;;Equihash;;;BTC;BITMAIN;;1 512 W;;;
1734;Whatsminer M50 120 Th/s;131;N;;;;;text;;;text;whatsminer_m50_120_th_s;8;;SHA-256;;;BTC;WHATSMINER;;3 450 W ±5%;;;
1738;Whatsminer M30S++ 108 Th/s;132;N;;;;;text;;"<h4>О товаре</h4>
 В отличие от модели M30S++ 108 Th/s, которая также является частью линейки Whatsminer, m30s++ не содержит революционных для индустрии разработок и является весьма простым устройством, которое прекрасно подойдет для начинающих майнеров.&nbsp; Несомненный плюс этого майнера состоит в том, что благодаря выгодному соотношению потребления энергии и хешрейта, он не потеряет доходность даже в случае падения Bitcoin или другой криптовалюты.&nbsp;
<p>
</p>
<h4> <span style=""color: var(--basic_text_black);"">Какую криптовалюту лучше добывать</span> </h4>
<p>
	 Работа Whatsminer m30s++ построена вокруг алгоритма SHA-256 и позволяет работать со следующими криптовалютами - LCC, BCH, BTC и другими.&nbsp;
</p>
<h4> <span style=""color: var(--basic_text_black);"">Особенности оборудования</span> </h4>
<p>
	 Whatsminer m30s++ состоит из металлического корпуса, который выполняет функцию защиты от внешних угроз. Надежные чипы призваны обеспечить длительную и бесперебойную работу устройства. В сравнении с прошлой моделью этой линейки, у m30s++ более компактный блок питания, который позволил снизить вес почти на 1 килограмм.&nbsp; Система охлаждения майнера состоит из двух кулеров. Они занимаются продувкой конструкции и поддержанием оптимальной температуры чипов. А встроенный блок питания отвечает за обеспечение стабильной производительности.
</p>
<h4> <span style=""color: var(--basic_text_black);"">Где лучше всего поставить данное оборудование</span> </h4>
<p>
	 Производитель не советует размещать это устройство в жилом доме из-за большого шума в процессе работы - громкость Whatsminer m30s++ доходит до 75 Дб, поэтому жители вашего дома абсолютно точно не будут рады такому беспокойному соседу.&nbsp; При выборе места для размещения данного аппарата следует учитывать, что он сохраняет свою производительность только при влажности до 90% и температуре от 5 до 40 градусов.&nbsp;
</p>
<h4> <span style=""color: var(--basic_text_black);"">О производителе</span> </h4>
<p>
	 MicroBT - это китайская компания, основу деятельности которой составляет производство высококачественного оборудования для майнинга криптовалют. Как правило, лидер рынка выпускает свои устройства на эксклюзивном и современном алгоритме SHA-256.&nbsp; У майнеров от MicroBT есть свои особенности - в частности, они могут похвастаться высоким уровнем хешрейта и выдающейся производительностью.&nbsp;
</p>
<h4> <span style=""color: var(--basic_text_black);"">Почему покупать у нас</span> </h4>
<p>
	 Покупая данную модель&nbsp;вы гарантированно получаете 1 год гарантии на все устройства, быструю доставку из Китая, круглосуточную поддержку и гибкую систему скидок в зависимости от объёмов закупки.
</p>";html;whatsminer_m30s_108_th_s;500;;SHA-256;;;BTC;WHATSMINER;;3 450 W;;;
1739;Whatsminer M30S++ 106 Th/s;133;N;;;;;text;;;text;whatsminer_m30s_106_th_s;500;;SHA-256;;;BTC;WHATSMINER;;3 450 W;;;
1772;ANTMINER L7 8550 Mh/s;134;N;;;;"<p style=""margin: 0; font-weight: bold; padding: 0;"">";html;;;text;antminer_l7_8550_mh;500;;Scrypt;;;LTC+DOGE;BITMAIN;;3 500 W  ±5%;;;
1773;ANTMINER L7 8300 Mh/s;135;N;;;;"<p style=""margin: 0; font-weight: bold; padding: 0;"">";html;;;text;antminer_l7_8300_mh_s;500;;Scrypt;;;LTC+DOGE;BITMAIN;;3 500 W  ±5%;;;
1774;ANTMINER E9 Pro 3580 MH/S;136;N;;;;"<p style=""margin: 0; font-weight: bold; padding: 0;"">";html;;;text;antminer_e9_pro_3580_mh_s;520;;Ethash;;;ETC;BITMAIN;;2 200 W ±5%;;;
1775;ANTMINER E9 Pro 3480 MH/S;137;N;;;;"<p style=""margin: 0; font-weight: bold; padding: 0;"">";html;;;text;antminer_e9_pro_3480_mh_s;500;;Ethash;;;ETC;BITMAIN;Да;2 200 W ±5%;;;
1776;ANTMINER S19 ХР HYD 250 TH/S;138;N;;;;"<p style=""margin: 0; font-weight: bold; padding: 0;"">";html;;;text;antminer_s19_khr_hyd_250_th_s;500;;SHA-256;;;BTC;BITMAIN;;5 345 W ±5%;;;
1777;ANTMINER K7 58 TН/S;139;N;;;;"<p style=""margin: 0; font-weight: bold; padding: 0;"">";html;;;text;antminer_k7_58_tn_s;500;;Eaglesong;;;CKB;BITMAIN;;2 813 W ±5%;;;
1778;Whatsminer M50 122 TH/S;140;N;;;;;text;;;text;whatsminer_m50_122_th_s;500;;SHA-256;;;BTC;WHATSMINER;;3 450 W ±5%;;;
1779;WHATSMINER M30S++ 102 Th/s;141;N;;;;"<p style=""margin: 0; font-weight: bold; padding: 0;"">";html;;;text;whatsminer_m30s_102_th_s;500;;SHA-256;;;BTC;WHATSMINER;;3 450 W;;;
1780;WHATSMINER M36S++ 160 Th/s;142;N;;;;;text;;;text;whatsminer_m36s_160_th_s;500;;SHA-256;;;;WHATSMINER;;4960;;;
1781;WHATSMINER M36S++ 158 Th/s;143;N;;;;;text;;;text;whatsminer_m36s_158_th_s;500;;SHA-256;;;;WHATSMINER;;4898;;;
1782;WHATSMINER M36S++ 154 Th/s;144;N;;;;;text;;;text;whatsminer_m36s_154_th_s;500;;SHA-256;;;;WHATSMINER;;4836;;;
1783;ANTMINER E9 Pro 3680 MH/S;145;N;;;;"<p style=""margin: 0; font-weight: bold; padding: 0;"">";html;;;text;antminer_e9_pro_3680_mh_s;9;;Ethash;;;ETC;BITMAIN;;2 200 W ±5%;;;
1784;ANTMINER S19 PRO HYD 146 Th/s;146;N;;;;;html;;;text;antminer_s19_pro_hyd_146_th_s;500;;SHA-256;;;BTC;BITMAIN;;5 226 W;;;
1785;ANTMINER S19 PRO HYD 177 Th/s;147;N;;;;"<p style=""margin: 0; font-weight: 500; padding: 0;"">";html;;;text;antminer_s19_pro_hyd_177_th_s;500;;SHA-256;;;BTC;BITMAIN;;5 226 W;;;
1786;ANTMINER E9 2280 Mh/s;148;N;;;;"<p style=""margin: 0; font-weight: bold; padding: 0;"">";html;;;text;antminer_e9_2280_mh_s;500;;Ethash;;;ETC;BITMAIN;;1 900 W;;;
1787;ANTMINER E9 2100 Mh/s;149;N;;;;"<p style=""margin: 0; font-weight: bold; padding: 0;"">";html;;;text;antminer_e9_2100_mh_s;500;;Ethash;;;ETC;BITMAIN;;1 900 W;;;
1788;WHATSMINER M30S 84 Th/s;150;N;;;;"<p style=""margin: 0; font-weight: bold; padding: 0;"">";html;;;text;whatsminer_m30s_84_th_s;500;;SHA-256;;;BTC;WHATSMINER;;3 550 W;;;
1789;ANTMINER  KAS KS3L;151;N;;;;"<p style=""margin: 0; font-weight: bold; padding: 0;"">";html;;;text;antminer_kas_ks3l;500;;kHeavyHash;;;KAS;BITMAIN;;3201 W;;;
1790;WHATSMINER M50S++ 160 Th/s;152;N;;;;;html;;;text;whatsminer_m50s_160_th;500;;SHA-256;;;BTC;WHATSMINER;;3 360 W ±5%;;;
1793;Bitmain Filecoin Miner 4300Tib;153;N;;;;;html;;;html;bitmain_filecoin_miner_4300tib;500;;IPFS;;;FIL;BITMAIN;;2 400 W;;;
1794;ANTMINER KS3;154;N;;;;;html;;;text;antminer_ks3;500;;kHeavyHash;;;KAS;BITMAIN;;3 500 W;;;
1795;ANTMINER E9 Pro 3380 MH/S;155;N;;;;"<p style=""margin: 0; font-weight: bold; padding: 0;"">";html;;;html;antminer_e9_pro_3380_mh_s;500;;Ethash;;;ETC;BITMAIN;;2 200 W;;;
1796;ANTMINER S19 XP HYD 257 TH/S;156;N;;;;"<p style=""margin: 0; font-weight: bold; padding: 0;"">";html;;;text;antminer_s19_xp_hyd_257_th_s;500;;SHA-256;;;BTC/BCH/BSV;BITMAIN;;;;;
1797;ANTMINER S19 XP HYD 158 TH/S;157;N;;;;;html;;;text;antminer_s19_xp_hyd_158_th_s;500;;SHA-256;;;BTC/BCH/BSV;BITMAIN;;5 250 W;;;
1798;ANTMINER S19 HYD 151 TH/S;158;N;;;;"<p style=""margin: 0; font-weight: bold; padding: 0;"">";html;;;text;antminer_s19_hyd_151_th_s;500;;SHA-256;;;BTC;BITMAIN;;5 226 W ±5%;;;
1799;ANTMINER S19 HYD 145 TH/S;159;N;;;;;html;;;text;antminer_s19_hyd_145_th_s;500;;SHA-256;;;BTC;BITMAIN;;5 226 W ±5%;;;
1800;ANTMINER S19k Pro;160;N;;;;;html;;;text;antminer_s19k_pro;5;;SHA-256;;;BTC;BITMAIN;;2 760 W ±5%;;;
1801;ANTMINER S19 Pro 104Th;161;N;;;;;html;;;text;antminer_s19_pro_104th;500;;SHA-256;;;BTC/BCH/BSV;BITMAIN;;3 100 W;;;
1802;ANTMINER S19 (j1-11) 90 TH/S;162;N;;;;"<p style=""margin: 0; font-weight: bold; padding: 0;"">";html;;;text;antminer_s19_j1_11_90_th_s;500;;SHA-256;;;BTC;BITMAIN;;2 700 W;;;
1803;WHATSMINER M50S++ 156 Th/s;163;N;;;;;html;;;text;whatsminer_m50s_156_th_s;500;;SHA 256;;;BTC/BCH/BSV;WHATSMINER;;3 276 W;;;
1804;WHATSMINER M50S++ 152 T 22 W/T;164;N;;;;;html;;;text;whatsminer_m50s_152_t_22_w_t;500;;SHA 256;;;BTC/BCH/BSV;WHATSMINER;;3 344 W;;;
1805;WHATSMINER M50S++ 144 T 22 W/T;165;N;;;;;html;;;text;whatsminer_m50s_144_t_22_w_t;500;;SHA 257;;;BTC/BCH/BSV;WHATSMINER;;4 344 W;;;
1806;ANTMINER KS3;166;N;;;;;html;;;text;antminer_ks3_8_5;500;;kHeavyHash;;;KAS;BITMAIN;;3 200 W;;;
1807;ANTMINER KS3;167;N;;;;;html;;;text;antminer_ks3_8_8;500;;kHeavyHash;;;KAS;BITMAIN;;3 200 W;;;
1808;ANTMINER KS3;168;N;;;;;html;;;text;antminer_ks3_8_2;500;;kHeavyHash;;;KAS;BITMAIN;;3 200 W;;;
1809;ANTMINER S21 200 TH/S;169;Y;;;;"<p style=""margin: 0; font-weight: bold; padding: 0;"">";html;;;text;antminer_s21_200_th_s;2;;SHA-256;;;BTC;BITMAIN;Да;3 500 W ±5%;;;
1810;ANTMINER S19j XP;170;N;;;;"<p style=""margin: 0; font-weight: bold; padding: 0;"">";html;;;text;antminer_s19j_xp;500;;SHA-256;;;BTC/BCH/BSV;BITMAIN;;3 250 W;;;
1811;ANTMINER S19J Pro+ 120 TH/S;171;N;;;;;html;;;text;antminer_s19j_pro_120_th_s;500;;SHA-256;;;BTC;BITMAIN;;3 355 W ±5%;;;
1812;ANTMINER S19k Pro 115 TH/S;172;N;;;;;html;;;text;antminer_s19k_pro_115_th_s;6;;SHA-256;;;BTC;BITMAIN;;2 760 W ±5%;;;
1813;ANTMINER S19k Pro 110 TH/S;173;N;;;;;html;;;text;antminer_s19k_pro_110_th_s;500;;SHA-256;;;BTC;BITMAIN;;2 760 W ±5%;;;
1814;WHATSMINER M50S++ 162 T 21 W/T;174;N;;;;;html;;;text;whatsminer_m50s_162_t_21_w_t;500;;SHA 256;;;BTC/BCH/BSV;WHATSMINER;;3 402 W;;;
1815;WHATSMINER M50S++ 158 T 21 W/T;175;N;;;;;html;;;text;whatsminer_m50s_158_t_21_w_t;500;;SHA 256;;;BTC/BCH/BSV;WHATSMINER;;3 318 W;;;
1816;WHATSMINER M50S++ 154 Th/s;176;N;;;;;html;;;text;whatsminer_m50s_154_t_21_w_t;500;;SHA-256;;;BTC;WHATSMINER;;3 360 W ±5%;;;
1817;ANTMINER Z15 Pro;177;N;;;;"<p style=""margin: 0; font-weight: bold; padding: 0;"">";html;;;text;antminer_z15_pro;500;;Equihash;;;ZEC;BITMAIN;;2 650 W ±5%;;;
1818;ANTMINER S21 Hydro;178;Y;;;;"<p style=""margin: 0; font-weight: bold; padding: 0;"">";html;;;text;antminer_s21_hydro_1;500;;SHA-256;;;BTC;BITMAIN;;5 360 W ±5%;;;
1819;ANTMINER S21 Hydro;179;Y;;;;"<p style=""margin: 0; font-weight: bold; padding: 0;"">";html;;;text;antminer_s21_hydro_2;500;;SHA-256;;;BTC;BITMAIN;;5 360 W ±5%;;;
1820;ANTMINER S21 Hydro;180;N;;;;"<p style=""margin: 0; font-weight: bold; padding: 0;"">";html;;;text;antminer_s21_hydro_3;500;;SHA-256;;;BTC;BITMAIN;;5 360 W ±5%;;;
1821;ANTMINER S19 XP HYD 250 TH/S;181;N;;;;;html;;;text;antminer_s19_xp_hyd_250_th_s;500;;SHA-256;;;BTC;BITMAIN;;5 345 W ±5%;;;
1822;ANTMINER S21 195 TH/S;182;N;;;;;html;;;text;antminer_s21_195_th_s;500;;SHA-256;;;BTC;BITMAIN;Да;3 500 W ±5%;;;
1823;ANTMINER S21 188 TH/S;183;N;;;;;html;;;text;antminer_s21_188_th_s;500;;SHA-256;;;BTC;BITMAIN;Да;3 500 W ±5%;;;
1824;ANTMINER S21 200 TH/S;184;N;;;;;html;;;text;antminer_s21_200_th_s_1;4;;SHA-256;;;BTC;BITMAIN;;3 500 W;;;
1825;ANTMINER S21 200TH/S;185;N;;;;;html;;;text;antminer_s21_200th_s_1;500;;SHA-256;;;BTC;BITMAIN;;3 500 W;;;
1826;ANTMINER S21 200 TH/S;186;N;;;;;html;;;text;antminer_s21_200_th_s_2;500;;SHA-256;;;BTC;BITMAIN;;3 500 W;;;
1827;ANTMINER S21 200 TH/S;187;N;;;;;html;;;text;antminer_s21_200_th_s_3;500;;SHA-256;;;BTC;BITMAIN;;3 500 W;;;
1828;ANTMINER S21 200 TH/S;188;N;;;;;html;;;text;antminer_s21_200_th_s_4;500;;SHA-256;;;BTC;BITMAIN;;3 500 W;;;
1829;ANTMINER T21 190 TH/S;189;N;;;;;html;;;text;antminer_t21_190_th_s_1;1;;SHA-256;;;BTC;BITMAIN;Да;3 610 W ±5%;;;
1830;ANTMINER T21 190 TH/S;190;N;;;;;html;;;text;antminer_t21_190_th_s;3;;SHA-256;;;BTC;BITMAIN;;3610 W;;;
1831;ANTMINER T21 200 TH/S;191;N;;;;;html;;;text;antminer_t21_200_th_s_3;500;;SHA-256;;;BTC;BITMAIN;;3610 W;;;
1832;ANTMINER S19 PRO HYD 158 Th/s;192;N;;;;"<p style=""margin: 0; font-weight: 500; padding: 0;"">";html;;;text;antminer_s19_pro_hyd_158_th_s;500;;SHA-256;;;BTC;BITMAIN;;5 226 W ±5%;;;
1833;ANTMINER S19А Pro 106 TH/S;193;N;;;;"<p style=""margin: 0; font-weight: bold; padding: 0;"">";html;;;text;antminer_s19a_pro_106th_s;500;;SHA-256;;;BTC;BITMAIN;;3 150 W;;;
1834;ANTMINER S19А Pro 104 TH/S;194;N;;;;"<p style=""margin: 0; font-weight: bold; padding: 0;"">";html;;;text;antminer_s19a_pro_104_th_s;500;;SHA-256;;;BTC;BITMAIN;;3 100 W;;;
1835;ANTMINER S19A Pro 98 Th;195;N;;;;"<p style=""margin: 0; font-weight: bold; padding: 0;"">";html;;;text;antminer_s19a_pro_98_th;500;;SHA-256;;;BTC;BITMAIN;;3 000 W;;;
1836;ANTMINER S19 Pro 95 TH/S;196;N;;;;;html;;;text;antminer_s19_pro_95_th_s;500;;SHA-256;;;BTC;BITMAIN;;3 100 W;;;
1837;ANTMINER S19 90 TH/S;197;N;;;;"<p style=""margin: 0; font-weight: bold; padding: 0;"">";html;;;text;antminer_s19_90_th_s;500;;SHA-256;;;BTC;BITMAIN;;2 700 W;;;
1838;ANTMINER S19 (j1-11) 86 TH/S;198;N;;;;"<p style=""margin: 0; font-weight: bold; padding: 0;"">";html;;;text;antminer_s19_j1_11_86_th_s;500;;SHA-256;;;BTC;BITMAIN;;2 700 W;;;
1839;ANTMINER S19 82 Th;199;N;;;;"<p style=""margin: 0; font-weight: bold; padding: 0;"">";html;;;text;antminer_s19_82_th;500;;SHA-256;;;BTC;BITMAIN;;2 700 W;;;
1840;WHATSMINER M50 124 Th;200;N;;;;;html;;;text;whatsminer_m50_124_th;500;;Sha-255;;;BTC;WHATSMINER;;3 450 W ±5%;;;
1841;WHATSMINER M30S++ 114Th;201;N;;;;"<p style=""margin: 0; font-weight: bold; padding: 0;"">";html;;;text;whatsminer_m30s_114th;500;;SHA-256;;;BTC;WHATSMINER;;3 450 W;;;
1842;WHATSMINER M30S+ 102 Th/s;202;N;;;;"<p style=""margin: 0; font-weight: bold; padding: 0;"">";html;;;text;whatsminer_m30splus_102_th_s;500;;SHA-256;;;BTC;WHATSMINER;;3 550 W;;;
1843;WHATSMINER M30S+;203;N;;;;"<p style=""margin: 0; font-weight: bold; padding: 0;"">";html;;;text;whatsminer_m30splus;500;;SHA-256;;;BTC;WHATSMINER;;?;;;
1844;WHATSMINER M53S 274;204;Y;;;;;html;;;text;whatsminer_m53s_274;500;;SHA-256;;;Hydro coolling miner BTC;WHATSMINER;;6734 W ±5%;;;
1850;WHATSMINER M36S++ 166 Th/s;205;N;;;;;text;;;text;whatsminer_m36s_166_th_s;500;;SHA-256;;;;WHATSMINER;;4960;;;
1851;WHATSMINER M36S++ 164 Th/s;206;Y;;;;;text;;;text;whatsminer_m36s_164_th_s;500;;SHA-256;;;Immersion cooling miner BTC;WHATSMINER;;5452 W ±5%;;;
1852;WHATSMINER M36S++ 162 Th/s;207;N;;;;;text;;;text;whatsminer_m36s_162_th_s;500;;SHA-256;;;;WHATSMINER;;4960;;;
1853;WHATSMINER M36S++ 156 Th/s;208;N;;;;;text;;;text;whatsminer_m36s_156_th_s;500;;SHA-256;;;;WHATSMINER;;4836;;;
1857;ANTMINER KS3M;209;N;;;;"<p style=""margin: 0; font-weight: bold; padding: 0;"">";html;;;text;antminer_ks3m;500;;kHeavyHash;;;KAS;BITMAIN;;3201 W;;;
1858;ANTMINER KS2;210;N;;;;;html;;;text;antminer_ks2;500;;kHeavyHash;;;KAS;BITMAIN;;3 188 W;;;
1864;GOLDSHELL KD LITE;211;N;;;;;html;;;text;goldshell_kd_lite;500;;SHA-256;;;;INNOSILICON;;;;;
1865;Elphapex DG1 11000 MH/S;212;N;;;;;html;;;html;elphapex_dg1_11000_mh_s;500;;Scrypt;;;LTC+DOGE;ELPHAPEX;;3420 W +10%;;;
1866;Elphapex DG1+ 14400 MH/S;213;N;;;;;html;;;html;elphapex_dg1_plus_14400_mh_s;500;;Scrypt;;;LTC+DOGE;ELPHAPEX;;3950 W +10%;;;
1867;Elphapex DG1+ 14000 MH/S;214;N;;;;;html;;;html;elphapex_dg1_plus_14000_mh_s;500;;Scrypt;;;LTC+DOGE;ELPHAPEX;;3950 W +10%;;;
1868;Elphapex DG1+ 13600 MH/S;215;N;;;;;html;;;html;elphapex_dg1_plus_13600_mh_s;500;;Scrypt;;;LTC+DOGE;ELPHAPEX;;3950 W +10%;;;
1869;ANTMINER L9 16000 MH/S;216;N;;;;;html;;;text;antminer_l9_16000_mh_s;500;;Scrypt;;;LTC+DOGE;BITMAIN;;3 360 W  ±5%;;;
1870;ANTMINER L9 16000 MH/S;217;N;;;;;html;;;text;antminer_l9_16000_mh_s_2;500;;Scrypt;;;LTC+DOGE;BITMAIN;;3 360 W  ±5%;;;
1871;ANTMINER L9 16000 MH/S;218;N;;;;;html;;;text;antminer_l9_16000_mh_s_3;500;;Scrypt;;;LTC+DOGE;BITMAIN;;3 360 W  ±5%;;;
1872;ANTMINER AL1 16.6 TH/S;219;N;;;;"<p style=""margin: 0; font-weight: bold; padding: 0;"">";html;;;text;antminer_al1_16_6_th_s;500;;Blake3;;;ALPH;BITMAIN;;3730 W ±5%;;;
1873;ANTMINER KS5 Pro 21 ТH/S;220;N;;;;;html;;;text;antminer_ks5_pro_21_th_s;500;;kHeavyHash;;;KAS;BITMAIN;;3 150 W  ±5%;;;
1874;ANTMINER KS5 Pro 21 ТH/S;221;N;;;;;html;;;text;antminer_ks5_pro_21_th_s_2;500;;kHeavyHash;;;KAS;BITMAIN;;3 150 W  ±5%;;;
1875;ANTMINER KS5 20 ТH/S;222;N;;;;;html;;;text;antminer_ks5_20_th_s;500;;kHeavyHash;;;KAS;BITMAIN;;3 000 W  ±5%;;;
1876;ANTMINER KS5 20 ТH/S;223;N;;;;;html;;;text;antminer_ks5_20_th_s_2;500;;kHeavyHash;;;KAS;BITMAIN;;3 000 W  ±5%;;;
1877;ANTMINER S21 XP Hyd 473 TH/S;224;N;;;;;html;;;text;antminer_s21_xp_hyd_473_th_s;500;;SHA-256;;;BTC;BITMAIN;;5676 W±5%;;;
1878;ANTMINER S21 XP 270 TH/S;225;N;;;;;html;;;text;antminer_s21_xp_270_th_s;500;;SHA-256;;;BTC;BITMAIN;;3645 W±5%;;;
1879;ANTMINER S21 Pro 234 TH/S;226;Y;;;;;html;;;text;antminer_s21_pro_234_th_s;500;;SHA-256;;;BTC;BITMAIN;;3 500 W ±5%;;;
1880;ANTMINER S19k Pro 120 TH/S;227;N;;;;;html;;;text;antminer_s19k_pro_120_th_s;500;;SHA-256;;;BTC;BITMAIN;;3 610 W ±5%;;;
1881;Elphapex DG1+ 13800  MH/S;228;N;;;;;html;;;html;elphapex_dg1_13800_mh_s;500;;Scrypt;;;LTC+DOGE;ELPHAPEX;;3950 W +10%;;;
1882;WHATSMINER M63  346  TH/S;229;Y;;;;;text;;;text;whatsminer_m63_346_th_s;500;;SHA-256;;;;WHATSMINER;;6885 W ±5%;;;
1883;ICERIVER KS5M 15 TH/S;230;N;;;;;html;;;html;iceriver_ks5m_15_th_s;500;;kHeavyHash;;;KAS;ICERIVER;;3 400 W +10%;;;
1884;ICERIVER KS5L 12 TH/S;231;N;;;;;html;;;html;iceriver_ks5l_12_th_s;500;;kHeavyHash;;;KAS;ICERIVER;;3 400 W +10%;;;
1885;ICERIVER KS5L 12 TH/S;232;N;;;;;html;;;html;iceriver_ks5l_12_th_s_1;500;;kHeavyHash;;;KAS;ICERIVER;;3 400 W +10%;;;
1886;JASMINER X16-P 5800 MH/s;233;N;;;;;html;;;html;jasminer_x16_p_5800_mh_s;500;;Ethash;;;ETC;JASMINER;;520W±10%;;;
1887;JASMINER X16-Q Pro 2050 MH/s;234;N;;;;;html;;;html;jasminer_x16_q_pro_2050_mh_s;500;;Ethash;;;ETC;JASMINER;;520W±10%;;;
1888;JASMINER X16-Q 1950 MH/s;235;N;;;;;html;;;html;jasminer_x16_q_1950_mh_s;500;;Ethash;;;ETC;JASMINER;;550W±10%;;;
1889;WHATSMINER M60S 180 TH/S;236;N;;;;;text;;;text;whatsminer_m60s_180_th_s;500;;SHA-256;;;BTC;WHATSMINER;;3420 W  ±5%;;;
1890;WHATSMINER M60 174 TH/S;237;N;;;;;text;;;text;whatsminer_m60_174_th_s;500;;SHA-256;;;BTC;WHATSMINER;;3 396 W ±5%;;;
1891;WHATSMINER M60 172 TH/S;238;N;;;;;text;;;text;whatsminer_m60_172_th_s;500;;SHA-256;;;BTC;WHATSMINER;;3 400 W ±5%;;;
1892;ANTMINER S21+ 216 TH/S;239;N;;;;;html;;;text;antminer_s21_216_th_s;500;;SHA-256;;;BTC;BITMAIN;Да;3 531 W ±5%;;;
1893;ANTMINER L9 17000 MH/S;240;Y;;;;;html;;;text;antminer_l9_17000_mh_s;500;;Scrypt;;;LTC+DOGE;BITMAIN;;3 360 W  ±5%;;;
